{
  "name": "CRV_20260111_204511",
  "description": "Segment from CRV_20260111_203217 (19.2s - 20.5s) - twigCpt-Seg04-19.2-20.5",
  "startSeconds": 0,
  "endSeconds": 1.3000000000000007,
  "y1": 5.8315789473684205,
  "y2": 6.447368421052631,
  "gTrack": "1",
  "color": "plum",
  "fillMode": "bottom",
  "tension": 0,
  "slope": 0.023852750439664394,
  "curveData": {
    "startTime": 0,
    "endTime": 1.3000000000000007,
    "sampleInterval": 0.01,
    "samples": [
      0.5725262801101757,
      0.5730013071096108,
      0.5734763567983118,
      0.5739514291778207,
      0.5744265242496808,
      0.5749016420154366,
      0.5753767824766289,
      0.5758519456348004,
      0.5763271314914966,
      0.5768023400482607,
      0.5772775713066334,
      0.5777528252681603,
      0.5782281019343847,
      0.5787034013068526,
      0.5791787233871074,
      0.579654068176693,
      0.5801294356771551,
      0.5806048258900378,
      0.5810802388168873,
      0.5815556744592476,
      0.5820311328186629,
      0.582506613896682,
      0.5829821176948466,
      0.5834576442147064,
      0.5839331934578051,
      0.5844087654256902,
      0.5848843601199083,
      0.5853599775420044,
      0.585835617693528,
      0.586311280576024,
      0.5867869661910373,
      0.5872626745401202,
      0.5877384056248178,
      0.5882141594466757,
      0.5886899360072457,
      0.5891657353080739,
      0.5896415573507079,
      0.5901174021366958,
      0.590593269667588,
      0.5910691599449326,
      0.5915450729702781,
      0.5920210087451728,
      0.5924969672711673,
      0.5929729485498106,
      0.593448952582651,
      0.5939249793712396,
      0.5944010289171278,
      0.5948771012218619,
      0.5953531962869956,
      0.5958293141140785,
      0.5963054547046591,
      0.5967816180602921,
      0.5972578041825263,
      0.5977340130729114,
      0.5982102447330019,
      0.598686499164347,
      0.5991627763685016,
      0.5996390763470103,
      0.6001153991014354,
      0.6005917446333195,
      0.6010681129442221,
      0.6015445040356915,
      0.6020209179092821,
      0.602497354566547,
      0.6029738140090388,
      0.6034502962383108,
      0.6039268012559181,
      0.6044033290634114,
      0.6048798796623489,
      0.6053564530542765,
      0.6058330492407573,
      0.6063096682233423,
      0.606786310003585,
      0.6072629745830391,
      0.6077396619632631,
      0.608216372145811,
      0.6086931051322364,
      0.6091698609240936,
      0.6096466395229414,
      0.6101234409303362,
      0.6106002651478277,
      0.6110771121769798,
      0.6115539820193446,
      0.6120308746764813,
      0.6125077901499401,
      0.6129847284412848,
      0.6134616895520706,
      0.6139386734838548,
      0.6144156802381922,
      0.6148927098166428,
      0.6153697622207618,
      0.6158468374521118,
      0.6163239355122454,
      0.6168010564027255,
      0.6172782001251078,
      0.6177553666809501,
      0.6182325560718129,
      0.618709768299257,
      0.6191870033648379,
      0.6196642612701171,
      0.6201415420166525,
      0.6206188456060078,
      0.6210961720397365,
      0.6215735213194027,
      0.622050893446565,
      0.6225282884227867,
      0.623005706249625,
      0.6234831469286392,
      0.6239606104613975,
      0.6244380968494524,
      0.6249156060943726,
      0.6253931381977131,
      0.6258706931610405,
      0.6263482709859123,
      0.626825871673895,
      0.6273034952265466,
      0.627781141645434,
      0.6282588109321146,
      0.6287365030881538,
      0.6292142181151137,
      0.6296919560145597,
      0.6301697167880523,
      0.6306475004371568,
      0.6311253069634333,
      0.6316031363684502,
      0.6320809886537679,
      0.6325588638209525,
      0.633036761871567,
      0.6335146828071749,
      0.6339926266293467,
      0.6344705933396394,
      0.6349485829396235
    ]
  },
  "duration": 1.3000000000000007,
  "savedAt": "2026-01-12T01:45:11.539Z"
}