{
  "name": "CRV_20260111_164608",
  "description": "Segment from CRV_20260111_164047 (2.9s - 4.2s)",
  "startSeconds": 0,
  "endSeconds": 1.3423631929230297,
  "y1": 1.0339285714285715,
  "y2": 1.5133439974725107,
  "gTrack": "1",
  "color": "neonMagenta",
  "fillMode": "bottom",
  "tension": 0,
  "slope": 0,
  "curveData": {
    "startTime": 0,
    "endTime": 1.3423631929230297,
    "sampleInterval": 0.01,
    "samples": [
      0.10321428571428572,
      0.10357142857142856,
      0.10392857142857144,
      0.10428571428571429,
      0.10464285714285715,
      0.105,
      0.10535714285714287,
      0.1057142857142857,
      0.10607142857142858,
      0.10642857142857143,
      0.10678571428571429,
      0.10714285714285714,
      0.10750000000000001,
      0.10785714285714286,
      0.10821428571428572,
      0.10857142857142857,
      0.10892857142857143,
      0.10928571428571429,
      0.10964285714285715,
      0.11,
      0.11035714285714286,
      0.11071428571428572,
      0.11107142857142856,
      0.11142857142857143,
      0.1117857142857143,
      0.11214285714285714,
      0.11249999999999999,
      0.11285714285714286,
      0.11321428571428571,
      0.11357142857142857,
      0.11392857142857143,
      0.1142857142857143,
      0.11464285714285714,
      0.115,
      0.11535714285714285,
      0.11571428571428573,
      0.11607142857142858,
      0.11642857142857144,
      0.11678571428571428,
      0.11714285714285715,
      0.11750000000000001,
      0.11785714285714287,
      0.11821428571428572,
      0.11857142857142859,
      0.11892857142857144,
      0.11928571428571429,
      0.11964285714285715,
      0.12,
      0.12035714285714286,
      0.12071428571428572,
      0.12107142857142858,
      0.12142857142857143,
      0.1217857142857143,
      0.12214285714285714,
      0.1225,
      0.12285714285714286,
      0.12321428571428572,
      0.12357142857142857,
      0.12392857142857143,
      0.12428571428571429,
      0.12464285714285714,
      0.125,
      0.12535714285714286,
      0.12571428571428572,
      0.12607142857142858,
      0.12642857142857142,
      0.1267857142857143,
      0.12714285714285714,
      0.1275,
      0.12785714285714286,
      0.1282142857142857,
      0.1285714285714286,
      0.12892857142857142,
      0.12928571428571428,
      0.12964285714285714,
      0.13,
      0.13035714285714287,
      0.13071428571428573,
      0.13107142857142856,
      0.13142857142857142,
      0.13178571428571428,
      0.13214285714285715,
      0.1325,
      0.13285714285714287,
      0.1332142857142857,
      0.1335714285714286,
      0.13392857142857142,
      0.13428571428571429,
      0.13464285714285715,
      0.135,
      0.13535714285714287,
      0.13571428571428573,
      0.13607142857142857,
      0.13642857142857143,
      0.1367857142857143,
      0.13714285714285715,
      0.1375,
      0.13785714285714284,
      0.1382142857142857,
      0.13857142857142857,
      0.13892857142857143,
      0.1392857142857143,
      0.13964285714285715,
      0.13999999999999999,
      0.14035714285714287,
      0.1407142857142857,
      0.14107142857142857,
      0.14142857142857143,
      0.1417857142857143,
      0.14214285714285715,
      0.14250000000000002,
      0.14285714285714285,
      0.1432142857142857,
      0.1435714285714286,
      0.14392857142857143,
      0.1442857142857143,
      0.14464285714285713,
      0.14500000000000002,
      0.14535714285714288,
      0.1457142857142857,
      0.14607142857142857,
      0.1464285714285714,
      0.1467857142857143,
      0.14714285714285716,
      0.1475,
      0.14785714285714285,
      0.14821428571428572,
      0.14857142857142858,
      0.14892857142857147,
      0.14928571428571427,
      0.14964285714285713,
      0.15,
      0.15035714285714286,
      0.15071428571428572,
      0.15107142857142858,
      0.1514285714285714
    ]
  },
  "duration": 1.3423631929230297,
  "savedAt": "2026-01-11T21:46:08.951Z"
}