{
  "name": "CRV_20260111_201900",
  "description": "Segment from CRV_20260111_201215 (4.0s - 5.7s)",
  "startSeconds": 0,
  "endSeconds": 1.7000000000000002,
  "y1": 10,
  "y2": 6.600339999999999,
  "gTrack": "1",
  "color": "plum",
  "fillMode": "bottom",
  "tension": 0,
  "slope": 0.24794356441084964,
  "curveData": {
    "startTime": 0,
    "endTime": 1.7000000000000002,
    "sampleInterval": 0.01,
    "samples": [
      1,
      0.9987693875748866,
      0.9975367121809573,
      0.9963019701158574,
      0.9950651576661431,
      0.9938262711072382,
      0.9925853067033835,
      0.9913422607075947,
      0.9900971293616097,
      0.9888499088958457,
      0.9876005955293486,
      0.9863491854697449,
      0.9850956749131963,
      0.9838400600443463,
      0.982582337036276,
      0.9813225020504527,
      0.9800605512366797,
      0.9787964807330484,
      0.9775302866658884,
      0.976261965149715,
      0.9749915122871816,
      0.9737189241690263,
      0.9724441968740237,
      0.9711673264689306,
      0.9698883090084363,
      0.9686071405351104,
      0.96732381707935,
      0.966038334659328,
      0.9647506892809388,
      0.9634608769377483,
      0.962168893610937,
      0.9608747352692487,
      0.9595783978689353,
      0.9582798773537041,
      0.9569791696546607,
      0.9556762706902567,
      0.9543711763662327,
      0.9530638825755648,
      0.9517543851984058,
      0.9504426801020329,
      0.9491287631407869,
      0.9478126301560201,
      0.9464942769760355,
      0.9451736994160315,
      0.9438508932780423,
      0.9425258543508831,
      0.9411985784100887,
      0.9398690612178553,
      0.9385372985229832,
      0.9372032860608148,
      0.9358670195531777,
      0.9345284947083229,
      0.933187707220864,
      0.9318446527717181,
      0.9304993270280438,
      0.9291517256431796,
      0.9278018442565824,
      0.9264496784937648,
      0.9250952239662342,
      0.923738476271428,
      0.9223794309926514,
      0.9210180836990135,
      0.9196544299453634,
      0.9182884652722262,
      0.9169201852057378,
      0.9155495852575805,
      0.9141766609249159,
      0.9128014076903217,
      0.9114238210217224,
      0.9100438963723252,
      0.9086616291805526,
      0.9072770148699738,
      0.9058900488492366,
      0.9045007265120024,
      0.9031090432368732,
      0.9017149943873268,
      0.9003185753116435,
      0.898919781342839,
      0.8975186077985945,
      0.8961150499811824,
      0.8947091031773997,
      0.8933007626584945,
      0.8918900236800925,
      0.8904768814821288,
      0.8890613312887707,
      0.887643368308347,
      0.8862229877332736,
      0.8848001847399803,
      0.883374954488836,
      0.881947292124071,
      0.880517192773706,
      0.8790846515494737,
      0.8776496635467433,
      0.8762122238444418,
      0.8747723275049792,
      0.873329969574171,
      0.8718851450811562,
      0.8704378490383238,
      0.8689880764412289,
      0.8675358222685176,
      0.8660810814818425,
      0.8646238490257848,
      0.8631641198277739,
      0.8617018887980015,
      0.8602371508293458,
      0.8587699007972835,
      0.8573001335598087,
      0.8558278439573509,
      0.8543530268126878,
      0.8528756769308632,
      0.8513957890990996,
      0.8499133580867155,
      0.8484283786450362,
      0.8469408455073076,
      0.8454507533886113,
      0.8439580969857736,
      0.8424628709772792,
      0.8409650700231812,
      0.8394646887650116,
      0.837961721825693,
      0.8364561638094448,
      0.8349480093016952,
      0.8334372528689871,
      0.8319238890588873,
      0.8304079123998929,
      0.8288893174013374,
      0.827368098553298,
      0.8258442503264983,
      0.8243177671722168,
      0.8227886435221883,
      0.8212568737885069,
      0.8197224523635303,
      0.8181853736197839,
      0.8166456319098573,
      0.81510322156631,
      0.8135581369015698,
      0.8120103722078322,
      0.810459921756962,
      0.8089067798003878,
      0.8073509405690028,
      0.805792398273062,
      0.8042311471020759,
      0.802667181224709,
      0.8011004947886742,
      0.7995310819206275,
      0.7979589367260597,
      0.7963840532891944,
      0.7948064256728735,
      0.7932260479184553,
      0.7916429140457013,
      0.7900570180526688,
      0.7884683539155989,
      0.7868769155888062,
      0.7852826970045664,
      0.7836856920730052,
      0.7820858946819824,
      0.7804832986969796,
      0.7788778979609837,
      0.7772696862943747,
      0.7756586574948046,
      0.774044805337083,
      0.7724281235730603,
      0.7708086059315057,
      0.7691862461179895,
      0.7675610378147631,
      0.7659329746806381,
      0.7643020503508613,
      0.762668258436997,
      0.761031592526799,
      0.759392046184088,
      0.7577496129486266,
      0.7561042863359935
    ]
  },
  "duration": 1.7000000000000002,
  "savedAt": "2026-01-12T01:19:00.408Z"
}