{
  "name": "CRV_20260111_203539",
  "description": "Segment from CRV_20260111_203217 (11.2s - 17.6s)",
  "startSeconds": 0,
  "endSeconds": 6.400000000000002,
  "y1": 2.042105263157894,
  "y2": 5.073684210526316,
  "gTrack": "1",
  "color": "plum",
  "fillMode": "bottom",
  "tension": 0,
  "slope": 0.023852750439664394,
  "curveData": {
    "startTime": 0,
    "endTime": 6.400000000000002,
    "sampleInterval": 0.01,
    "samples": [
      0.19964513916761828,
      0.20010249443387906,
      0.20055987120918806,
      0.20101726949496718,
      0.2014746892926203,
      0.2019321306035559,
      0.20238959342919147,
      0.20284707777094035,
      0.20330458363020665,
      0.20376211100840824,
      0.204219659906954,
      0.20467723032725751,
      0.2051348222707369,
      0.20559243573879205,
      0.2060500707328414,
      0.20650772725430785,
      0.20696540530458715,
      0.20742310488510238,
      0.20788082599726765,
      0.20833856864249714,
      0.20879633282219595,
      0.20925411853778758,
      0.2097119257906773,
      0.21016975458228876,
      0.21062760491403204,
      0.21108547678731712,
      0.21154337020356345,
      0.21200128516418576,
      0.21245922167059905,
      0.2129171797242137,
      0.21337515932644943,
      0.2138331604787214,
      0.21429118318244014,
      0.21474922743903035,
      0.21520729324990273,
      0.21566538061646828,
      0.2161234895401517,
      0.2165816200223687,
      0.21703977206453035,
      0.2174979456680572,
      0.21795614083436038,
      0.21841435756486066,
      0.21887259586097868,
      0.21933085572413055,
      0.21978913715572335,
      0.2202474401571917,
      0.22070576472993833,
      0.22116411087538887,
      0.22162247859495993,
      0.22208086789006815,
      0.2225392787621348,
      0.22299771121257217,
      0.22345616524280637,
      0.22391464085424978,
      0.22437313804832862,
      0.22483165682645545,
      0.22529019719005214,
      0.22574875914053594,
      0.22620734267932893,
      0.22666594780784857,
      0.22712457452752155,
      0.2275832228397564,
      0.22804189274598463,
      0.22850058424761482,
      0.2289592973460787,
      0.2294180320427896,
      0.22987678833917485,
      0.23033556623664794,
      0.2307943657366317,
      0.2312531868405536,
      0.23171202954982756,
      0.23217089386587655,
      0.2326297797901284,
      0.23308868732399704,
      0.23354761646891045,
      0.2340065672262875,
      0.23446553959754693,
      0.23492453358412163,
      0.2353835491874261,
      0.23584258640888398,
      0.23630164524992364,
      0.23676072571195994,
      0.23721982779642137,
      0.23767895150472743,
      0.23813809683830683,
      0.23859726379858387,
      0.23905645238697362,
      0.2395156626049097,
      0.23997489445381656,
      0.24043414793510973,
      0.24089342305021824,
      0.2413527198005715,
      0.24181203818758978,
      0.242271378212698,
      0.24273073987731644,
      0.24319012318287944,
      0.24364952813081214,
      0.2441089547225352,
      0.2445684029594738,
      0.2450278728430582,
      0.24548736437470903,
      0.2459468775558612,
      0.24640641238793112,
      0.2468659688723537,
      0.24732554701055023,
      0.2477851468039511,
      0.24824476825397782,
      0.24870441136206556,
      0.24916407612963593,
      0.2496237625581197,
      0.25008347064893865,
      0.25054320040352834,
      0.2510029518233107,
      0.2514627249097169,
      0.2519225196641781,
      0.2523823360881165,
      0.2528421741829635,
      0.2533020339501461,
      0.2537619153911004,
      0.25422181850724423,
      0.2546817433000185,
      0.25514168977084145,
      0.2556016579211541,
      0.2560616477523745,
      0.25652165926593956,
      0.25698169246327673,
      0.2574417473458229,
      0.2579018239149966,
      0.25836192217223947,
      0.2588220421189702,
      0.25928218375663054,
      0.25974234708664856,
      0.2602025321104526,
      0.26066273882947516,
      0.26112296724514944,
      0.2615832173589083,
      0.2620434891721758,
      0.2625037826863941,
      0.2629640979029829,
      0.2634244348233891,
      0.26388479344903243,
      0.2643451737813511,
      0.2648055758217831,
      0.26526599957174846,
      0.26572644503269005,
      0.2661869122060372,
      0.2666474010932283,
      0.26710791169568837,
      0.26756844401485597,
      0.2680289980521653,
      0.2684895738090506,
      0.2689501712869417,
      0.26941079048727756,
      0.2698714314114926,
      0.2703320940610171,
      0.27079277843729005,
      0.2712534845417418,
      0.2717142123758118,
      0.2721749619409395,
      0.2726357332385462,
      0.2730965262700806,
      0.27355734103697354,
      0.2740181775406602,
      0.27447903578258054,
      0.2749399157641608,
      0.2754008174868503,
      0.2758617409520754,
      0.27632268616127653,
      0.2767836531158939,
      0.2772446418173589,
      0.2777056522671121,
      0.27816668446658926,
      0.27862773841722677,
      0.27908881412046543,
      0.27954991157774134,
      0.280011030790491,
      0.2804721717601508,
      0.2809333344881666,
      0.2813945189759701,
      0.281855725225003,
      0.2823169532367019,
      0.2827782030125082,
      0.28323947455385906,
      0.28370076786219134,
      0.28416208293894674,
      0.2846234197855672,
      0.28508477840348545,
      0.2855461587941479,
      0.2860075609589967,
      0.2864689848994648,
      0.286930430616999,
      0.287391898113028,
      0.2878533873890077,
      0.28831489844637154,
      0.28877643128655756,
      0.2892379859110082,
      0.289699562321171,
      0.29016116051848406,
      0.2906227805043858,
      0.29108442228031917,
      0.2915460858477226,
      0.2920077712080484,
      0.2924694783627308,
      0.292931207313213,
      0.2933929580609384,
      0.29385473060735057,
      0.29431652495388844,
      0.29477834110200496,
      0.29524017905312994,
      0.29570203880871665,
      0.2961639203702041,
      0.29662582373903656,
      0.297087748916658,
      0.29754969590451263,
      0.29801166470404467,
      0.29847365531669856,
      0.29893566774391866,
      0.2993977019871495,
      0.29985975804783105,
      0.30032183592741724,
      0.3007839356273483,
      0.30124605714906894,
      0.30170820049402414,
      0.302170365663659,
      0.30263255265942324,
      0.303094761482762,
      0.30355699213511583,
      0.304019244617935,
      0.3044815189326693,
      0.30494381508075974,
      0.30540613306365194,
      0.3058684728828009,
      0.3063308345396431,
      0.30679321803562903,
      0.3072556233722138,
      0.30771805055083434,
      0.308180499572946,
      0.30864297043999034,
      0.30910546315341825,
      0.30956797771468075,
      0.3100305141252197,
      0.31049307238648627,
      0.31095565249993623,
      0.3114182544670026,
      0.31188087828915045,
      0.31234352396781767,
      0.3128061915044603,
      0.31326888090052546,
      0.31373159215746027,
      0.31419432527671204,
      0.31465708025974176,
      0.3151198571079924,
      0.3155826558229113,
      0.3160454764059553,
      0.3165083188585675,
      0.3169711831822048,
      0.317434069378315,
      0.3178969774483507,
      0.3183599073937599,
      0.31882285921599984,
      0.3192858329165141,
      0.31974882849676484,
      0.32021184595819097,
      0.32067488530225496,
      0.32113794653040517,
      0.3216010296440904,
      0.32206413464476824,
      0.3225272615338878,
      0.32299041031290676,
      0.3234535809832698,
      0.3239167735464396,
      0.3243799880038652,
      0.324843224356996,
      0.32530648260728573,
      0.32576976275619757,
      0.32623306480517644,
      0.32669638875567647,
      0.3271597346091611,
      0.32762310236707537,
      0.32808649203087364,
      0.32854990360201525,
      0.32901333708195446,
      0.3294767924721415,
      0.32994026977404034,
      0.3304037689890965,
