{
  "name": "CRV_20260111_205308",
  "description": "Segment from CRV_20260111_203217 (26.7s - 28.0s) - twigCpt-Seg07-26.7-28",
  "startSeconds": 0,
  "endSeconds": 1.3000000000000007,
  "y1": 9.38421052631579,
  "y2": 10,
  "gTrack": "1",
  "color": "plum",
  "fillMode": "bottom",
  "tension": 0,
  "slope": 0.023852750439664394,
  "curveData": {
    "startTime": 0,
    "endTime": 1.3000000000000007,
    "sampleInterval": 0.01,
    "samples": [
      0.9357722253541975,
      0.9362647390369889,
      0.9367572766186407,
      0.9372498381008314,
      0.9377424234852444,
      0.9382350327735589,
      0.9387276659674633,
      0.9392203230686367,
      0.9397130040787608,
      0.9402057089995196,
      0.9406984378325998,
      0.9411911905796808,
      0.9416839672424447,
      0.9421767678225808,
      0.942669592321771,
      0.9431624407416981,
      0.9436553130840466,
      0.9441482093505014,
      0.9446411295427499,
      0.945134073662475,
      0.9456270417113618,
      0.9461200336910955,
      0.9466130496033618,
      0.9471060894498482,
      0.9475991532322383,
      0.94809224095222,
      0.9485853526114791,
      0.9490784882117017,
      0.9495716477545761,
      0.9500648312417886,
      0.9505580386750274,
      0.9510512700559768,
      0.9515445253863254,
      0.9520378046677648,
      0.952531107901979,
      0.9530244350906595,
      0.9535177862354886,
      0.9540111613381624,
      0.9545045604003659,
      0.9549979834237863,
      0.9554914304101175,
      0.9559849013610451,
      0.9564783962782609,
      0.9569719151634526,
      0.9574654580183104,
      0.9579590248445289,
      0.9584526156437937,
      0.9589462304177951,
      0.9594398691682262,
      0.9599335318967772,
      0.960427218605139,
      0.9609209292950046,
      0.9614146639680626,
      0.9619084226260086,
      0.9624022052705316,
      0.9628960119033246,
      0.9633898425260793,
      0.9638836971404917,
      0.964377575748251,
      0.9648714783510486,
      0.9653654049505811,
      0.9658593555485424,
      0.9663533301466248,
      0.9668473287465201,
      0.967341351349925,
      0.9678353979585342,
      0.9683294685740378,
      0.968823563198135,
      0.9693176818325184,
      0.9698118244788833,
      0.9703059911389245,
      0.970800181814337,
      0.971294396506819,
      0.9717886352180631,
      0.9722828979497675,
      0.9727771847036251,
      0.9732714954813366,
      0.9737658302845976,
      0.9742601891151019,
      0.9747545719745477,
      0.9752489788646336,
      0.975743409787058,
      0.9762378647435151,
      0.9767323437357037,
      0.9772268467653227,
      0.9777213738340708,
      0.9782159249436427,
      0.9787105000957423,
      0.9792050992920666,
      0.9796997225343125,
      0.9801943698241773,
      0.9806890411633676,
      0.9811837365535785,
      0.9816784559965075,
      0.9821731994938592,
      0.9826679670473312,
      0.9831627586586238,
      0.9836575743294373,
      0.9841524140614744,
      0.9846472778564352,
      0.9851421657160209,
      0.9856370776419316,
      0.9861320136358684,
      0.9866269736995369,
      0.9871219578346356,
      0.9876169660428703,
      0.9881119983259375,
      0.9886070546855433,
      0.9891021351233915,
      0.9895972396411835,
      0.9900923682406232,
      0.9905875209234123,
      0.9910826976912576,
      0.9915778985458609,
      0.9920731234889241,
      0.992568372522154,
      0.9930636456472556,
      0.9935589428659307,
      0.994054264179887,
      0.9945496095908266,
      0.9950449791004571,
      0.9955403727104838,
      0.9960357904226115,
      0.9965312322385459,
      0.997026698159992,
      0.9975221881886558,
      0.9980177023262474,
      0.9985132405744706,
      0.9990088029350328,
      0.9995043894096407,
      1
    ]
  },
  "duration": 1.3000000000000007,
  "savedAt": "2026-01-12T01:53:08.515Z"
}