{
  "name": "CRV_20260111_201215",
  "description": "twigCarpet 1st seg of full curv",
  "startSeconds": 4,
  "endSeconds": 9,
  "y1": 10,
  "y2": 0.0009999999999995052,
  "gTrack": "1",
  "color": "plum",
  "fillMode": "bottom",
  "tension": 0,
  "slope": 0.24794356441084964,
  "curveData": {
    "startTime": 4,
    "endTime": 9,
    "sampleInterval": 0.01,
    "samples": [
      1,
      0.9987693875748866,
      0.9975367121809573,
      0.9963019701158574,
      0.9950651576661431,
      0.9938262711072382,
      0.9925853067033835,
      0.9913422607075947,
      0.9900971293616097,
      0.9888499088958457,
      0.9876005955293486,
      0.9863491854697449,
      0.9850956749131963,
      0.9838400600443463,
      0.982582337036276,
      0.9813225020504527,
      0.9800605512366797,
      0.9787964807330484,
      0.9775302866658884,
      0.976261965149715,
      0.9749915122871816,
      0.9737189241690263,
      0.9724441968740237,
      0.9711673264689306,
      0.9698883090084363,
      0.9686071405351104,
      0.96732381707935,
      0.966038334659328,
      0.9647506892809388,
      0.9634608769377483,
      0.962168893610937,
      0.9608747352692487,
      0.9595783978689353,
      0.9582798773537041,
      0.9569791696546607,
      0.9556762706902567,
      0.9543711763662327,
      0.9530638825755648,
      0.9517543851984058,
      0.9504426801020329,
      0.9491287631407869,
      0.9478126301560201,
      0.9464942769760355,
      0.9451736994160315,
      0.9438508932780423,
      0.9425258543508831,
      0.9411985784100887,
      0.9398690612178553,
      0.9385372985229832,
      0.9372032860608148,
      0.9358670195531777,
      0.9345284947083229,
      0.933187707220864,
      0.9318446527717181,
      0.9304993270280438,
      0.9291517256431796,
      0.9278018442565824,
      0.9264496784937648,
      0.9250952239662342,
      0.923738476271428,
      0.9223794309926514,
      0.9210180836990135,
      0.9196544299453634,
      0.9182884652722262,
      0.9169201852057378,
      0.9155495852575805,
      0.9141766609249159,
      0.9128014076903217,
      0.9114238210217224,
      0.9100438963723252,
      0.9086616291805526,
      0.9072770148699738,
      0.9058900488492366,
      0.9045007265120024,
      0.9031090432368732,
      0.9017149943873268,
      0.9003185753116435,
      0.898919781342839,
      0.8975186077985945,
      0.8961150499811824,
      0.8947091031773997,
      0.8933007626584945,
      0.8918900236800925,
      0.8904768814821288,
      0.8890613312887707,
      0.887643368308347,
      0.8862229877332736,
      0.8848001847399803,
      0.883374954488836,
      0.881947292124071,
      0.880517192773706,
      0.8790846515494737,
      0.8776496635467433,
      0.8762122238444418,
      0.8747723275049792,
      0.873329969574171,
      0.8718851450811562,
      0.8704378490383238,
      0.8689880764412289,
      0.8675358222685176,
      0.8660810814818425,
      0.8646238490257848,
      0.8631641198277739,
      0.8617018887980015,
      0.8602371508293458,
      0.8587699007972835,
      0.8573001335598087,
      0.8558278439573509,
      0.8543530268126878,
      0.8528756769308632,
      0.8513957890990996,
      0.8499133580867155,
      0.8484283786450362,
      0.8469408455073076,
      0.8454507533886113,
      0.8439580969857736,
      0.8424628709772792,
      0.8409650700231812,
      0.8394646887650116,
      0.837961721825693,
      0.8364561638094448,
      0.8349480093016952,
      0.8334372528689871,
      0.8319238890588873,
      0.8304079123998929,
      0.8288893174013374,
      0.827368098553298,
      0.8258442503264983,
      0.8243177671722168,
      0.8227886435221883,
      0.8212568737885069,
      0.8197224523635303,
      0.8181853736197839,
      0.8166456319098573,
      0.81510322156631,
      0.8135581369015698,
      0.8120103722078322,
      0.810459921756962,
      0.8089067798003878,
      0.8073509405690028,
      0.805792398273062,
      0.8042311471020759,
      0.802667181224709,
      0.8011004947886742,
      0.7995310819206275,
      0.7979589367260597,
      0.7963840532891944,
      0.7948064256728735,
      0.7932260479184553,
      0.7916429140457013,
      0.7900570180526688,
      0.7884683539155989,
      0.7868769155888062,
      0.7852826970045664,
      0.7836856920730052,
      0.7820858946819824,
      0.7804832986969796,
      0.7788778979609837,
      0.7772696862943747,
      0.7756586574948046,
      0.774044805337083,
      0.7724281235730603,
      0.7708086059315057,
      0.7691862461179895,
      0.7675610378147631,
      0.7659329746806381,
      0.7643020503508613,
      0.762668258436997,
      0.761031592526799,
      0.759392046184088,
      0.7577496129486266,
      0.7561042863359935,
      0.7544560598374551,
      0.7528049269198379,
      0.7511508810254016,
      0.7494939155717085,
      0.7478340239514917,
      0.7461711995325265,
      0.7445054356574963,
      0.742836725643859,
      0.7411650627837155,
      0.7394904403436727,
      0.7378128515647074,
      0.7361322896620316,
      0.7344487478249527,
      0.7327622192167362,
      0.7310726969744646,
      0.7293801742088987,
      0.7276846440043346,
      0.7259860994184613,
      0.7242845334822181,
      0.7225799391996491,
      0.7208723095477578,
      0.7191616374763615,
      0.7174479159079423,
      0.7157311377374991,
      0.714011295832399,
      0.7122883830322247,
      0.7105623921486244,
      0.7088333159651574,
      0.7071011472371423,
      0.7053658786915004,
      0.7036275030265987,
      0.701886012912096,
      0.7001414009887821,
      0.6983936598684188,
      0.6966427821335789,
      0.6948887603374856,
      0.6931315870038497,
      0.6913712546267053,
      0.6896077556702421,
      0.6878410825686441,
      0.686071227725918,
      0.684298183515725,
      0.6825219422812128,
      0.6807424963348425,
      0.6789598379582164,
      0.6771739594019044,
      0.6753848528852715,
      0.6735925105962964,
      0.6717969246913982,
      0.6699980872952573,
      0.6681959905006318,
      0.6663906263681826,
      0.6645819869262826,
      0.6627700641708393,
      0.6609548500651051,
      0.6591363365394942,
      0.6573145154913898,
      0.655489378784959,
      0.6536609182509595,
      0.6518291256865483,
      0.6499939928550851,
      0.6481555114859413,
      0.6463136732743008,
      0.6444684698809612,
      0.642619892932137,
      0.6407679340192541,
      0.638912584698752,
      0.6370538364918767,
      0.6351916808844751,
      0.6333261093267883,
      0.6314571132332435,
      0.6295846839822424,
      0.6277088129159493,
      0.6258294913400786,
      0.6239467105236793,
      0.6220604616989155,
      0.6201707360608537,
      0.6182775247672355,
      0.6163808189382619,
      0.6144806096563663,
      0.6125768879659893,
      0.6106696448733537,
      0.6087588713462356,
      0.6068445583137297,
      0.6049266966660239,
      0.6030052772541584,
      0.6010802908897954,
      0.5991517283449771,
      0.5972195803518898,
      0.5952838376026186,
      0.593344490748908,
      0.5914015304019146,
      0.5894549471319578,
      0.5875047314682763,
      0.5855508738987729,
      0.5835933648697609,
      0.5816321947857124,
      0.5796673540089986,
      0.5776988328596318,
      0.5757266216150052,
      0.5737507105096274,
      0.571771089734859,
      0.5697877494386445,
      0.5678006797252431,
      0.5658098706549574,
      0.5638153122438573,
      0.5618169944635066,
      0.5598149072406848,
      0.5578090404571048,
      0.5557993839491302,
      0.5537859275074919,
      0.5517686608769994,
      0.5497475737562516,
      0.5477226557973447,
      0.5456938966055781,
      0.543661285739156,
      0.5416248127088912,
      0.5395844669778997,
      0.5375402379612998,
      0.5354921150259031,
      0.5334400874899072,
      0.5313841446225814,
      0.5293242756439561,
