{
  "name": "CRV_20260111_204850",
  "description": "Segment from CRV_20260111_203217 (21.1s - 21.9s) - twigCpt-Seg05-21.1-21.9",
  "startSeconds": 0,
  "endSeconds": 0.7999999999999972,
  "y1": 6.731578947368421,
  "y2": 7.110526315789472,
  "gTrack": "1",
  "color": "plum",
  "fillMode": "bottom",
  "tension": 0,
  "slope": 0.023852750439664394,
  "curveData": {
    "startTime": 0,
    "endTime": 0.7999999999999972,
    "sampleInterval": 0.01,
    "samples": [
      0.6636699063652407,
      0.6641492952028039,
      0.6646287070274367,
      0.6651081418407139,
      0.6655875996442142,
      0.6660670804395123,
      0.6665465842281855,
      0.6670261110118125,
      0.6675056607919687,
      0.6679852335702312,
      0.6684648293481794,
      0.6689444481273887,
      0.669424089909439,
      0.6699037546959078,
      0.6703834424883726,
      0.670863153288414,
      0.6713428870976071,
      0.6718226439175325,
      0.672302423749773,
      0.672782226595902,
      0.6732620524575003,
      0.6737419013361483,
      0.6742217732334271,
      0.6747016681509151,
      0.6751815860901911,
      0.6756615270528361,
      0.6761414910404335,
      0.6766214780545603,
      0.6771014880968,
      0.6775815211687292,
      0.6780615772719343,
      0.6785416564079947,
      0.6790217585784897,
      0.679501883785006,
      0.6799820320291208,
      0.6804622033124184,
      0.6809423976364786,
      0.6814226150028861,
      0.6819028554132255,
      0.6823831188690768,
      0.6828634053720203,
      0.6833437149236457,
      0.6838240475255306,
      0.6843044031792631,
      0.6847847818864233,
      0.6852651836485968,
      0.6857456084673663,
      0.6862260563443202,
      0.6867065272810366,
      0.6871870212791041,
      0.6876675383401081,
      0.6881480784656298,
      0.6886286416572577,
      0.689109227916578,
      0.6895898372451719,
      0.6900704696446281,
      0.6905511251165332,
      0.6910318036624734,
      0.691512505284031,
      0.6919932299827944,
      0.6924739777603532,
      0.6929547486182918,
      0.693435542558197,
      0.6939163595816535,
      0.6943971996902534,
      0.6948780628855835,
      0.6953589491692292,
      0.6958398585427779,
      0.6963207910078213,
      0.6968017465659431,
      0.6972827252187375,
      0.6977637269677852,
      0.6982447518146815,
      0.6987257997610143,
      0.6992068708083716,
      0.6996879649583416,
      0.7001690822125174,
      0.7006502225724849,
      0.7011313860398372,
      0.7016125726161607,
      0.7020937823030485
    ]
  },
  "duration": 0.7999999999999972,
  "savedAt": "2026-01-12T01:48:50.777Z"
}