{
  "name": "CRV_20260111_202507",
  "description": "Segment from CRV_20260111_201215 (7.3s - 9.0s)",
  "startSeconds": 0,
  "endSeconds": 1.7400000000000002,
  "y1": 3.480652,
  "y2": 0.0009999999999994458,
  "gTrack": "1",
  "color": "plum",
  "fillMode": "bottom",
  "tension": 0,
  "slope": 0.24794356441084964,
  "curveData": {
    "startTime": 0,
    "endTime": 1.7400000000000002,
    "sampleInterval": 0.01,
    "samples": [
      0.4612682711281712,
      0.4590724509168958,
      0.4568723063485916,
      0.45466782469973077,
      0.452458993184268,
      0.4502457989532114,
      0.44802822909418644,
      0.44580627063099726,
      0.44357991052318635,
      0.4413491356655846,
      0.43911393288786393,
      0.4368742889540811,
      0.4346301905622204,
      0.43238162434372873,
      0.43012857686305245,
      0.42787103461716214,
      0.42560898403508035,
      0.4233424114773997,
      0.42107130323580094,
      0.4187956455325631,
      0.4165154245200711,
      0.4142306262803177,
      0.41194123682440287,
      0.4096472420920259,
      0.4073486279509746,
      0.40504538019660935,
      0.4027374845513425,
      0.4004249266641127,
      0.398107692109855,
      0.3957857663889634,
      0.3934591349267539,
      0.3911277830729162,
      0.38879169610096437,
      0.38645085920768063,
      0.38410525751255586,
      0.3817548760572217,
      0.3793996998048796,
      0.3770397136397247,
      0.37467490236636203,
      0.37230525070922,
      0.36993074331195586,
      0.36755136473685673,
      0.36516709946423515,
      0.36277793189181806,
      0.3603838463341293,
      0.35798482702186946,
      0.35558085810128487,
      0.3531719236335351,
      0.3507580075940501,
      0.34833909387188555,
      0.34591516626906776,
      0.34348620849993505,
      0.34105220419047166,
      0.33861313687763467,
      0.3361689900086757,
      0.3337197469404549,
      0.3312653909387476,
      0.3288059051775454,
      0.32634127273835,
      0.3238714766094604,
      0.3213964996852506,
      0.3189163247654436,
      0.316430934554377,
      0.31394031166025904,
      0.3114444385944206,
      0.3089432977705558,
      0.30643687150396076,
      0.303925142010757,
      0.30140809140711394,
      0.2988857017084597,
      0.296357954828685,
      0.2938248325793384,
      0.2912863166688139,
      0.28874238870153035,
      0.28619303017710107,
      0.2836382224894978,
      0.281077946926203,
      0.2785121846673535,
      0.27594091678488036,
      0.27336412424162987,
      0.2707817878904878,
      0.26819388847348313,
      0.2656004066208905,
      0.2630013228503184,
      0.2603966175657896,
      0.2577862710568142,
      0.2551702634974467,
      0.2525485749453421,
      0.2499211853407898,
      0.24728807450575235,
      0.24464922214287965,
      0.24200460783452235,
      0.2393542110417296,
      0.23669801110323838,
      0.23403598723445315,
      0.23136811852640737,
      0.22869438394472624,
      0.22601476232856435,
      0.22332923238954397,
      0.2206377727106729,
      0.21794036174525558,
      0.21523697781579024,
      0.21252759911285374,
      0.20981220369397816,
      0.20709076948250577,
      0.2043632742664432,
      0.2016296956972944,
      0.19889001128888273,
      0.19614419841616226,
      0.193392234314012,
      0.1906340960760227,
      0.18786976065325975,
      0.18509920485302694,
      0.1823224053375978,
      0.17953933862295357,
      0.17674998107748813,
      0.17395430892070907,
      0.17115229822192096,
      0.16834392489889402,
      0.16552916471651824,
      0.1627079932854379,
      0.1598803860606777,
      0.1570463183402453,
      0.15420576526372579,
      0.15135870181085131,
      0.1485051028000608,
      0.14564494288703997,
      0.1427781965632446,
      0.1399048381544081,
      0.1370248418190267,
      0.1341381815468354,
      0.13124483115725774,
      0.12834476429783964,
      0.12543795444266903,
      0.12252437489076894,
      0.11960399876448102,
      0.1166767990078171,
      0.11374274838480675,
      0.11080181947780787,
      0.10785398468581515,
      0.10489921622272926,
      0.10193748611562138,
      0.09896876620296602,
      0.09599302813285668,
      0.0930102433612023,
      0.09002038314989143,
      0.08702341856495006,
      0.08401932047465831,
      0.08100805954766097,
      0.0779896062510426,
      0.07496393084838354,
      0.07193100339779321,
      0.06889079374991364,
      0.0658432715459057,
      0.06278840621540072,
      0.05972616697443616,
      0.056656522823356786,
      0.05357944254469512,
      0.05049489470102084,
      0.04740284763276623,
      0.04430326945602491,
      0.04119612806031258,
      0.03808139110631569,
      0.034959026023592604,
      0.031829000008263775,
      0.028691280020655355,
      0.025545832782922252,
      0.022392624776638118,
      0.01923162224035206,
      0.016062791167116508,
      0.012886097301975888,
      0.009701506139435727,
      0.0065089829208789685,
      0.003308492631968891,
      0.00009999999999995052
    ]
  },
  "duration": 1.7400000000000002,
  "savedAt": "2026-01-12T01:25:07.968Z"
}