{
  "name": "CRV_20260111_005727",
  "description": "4 Second curve with med-high slope to right; lime green, used with initial viola cres.",
  "startSeconds": 0,
  "endSeconds": 4,
  "y1": 0,
  "y2": 10,
  "gTrack": "3",
  "color": "limeGreen",
  "fillMode": "bottom",
  "tension": 0,
  "slope": 0.4854436436772862,
  "curveData": {
    "startTime": 0,
    "endTime": 4,
    "sampleInterval": 0.01,
    "samples": [
      0,
      0.0008971998910618608,
      0.001798298340258805,
      0.0027033077812006856,
      0.003612240713728963,
      0.004525109704411066,
      0.0054419273870409905,
      0.006362706463142856,
      0.0072874597024812065,
      0.00821619994357528,
      0.00914894009421783,
      0.010085693132000147,
      0.011026472104841204,
      0.011971290131522665,
      0.01292016040222852,
      0.01387309617909125,
      0.01483011079674103,
      0.01579121766286282,
      0.01675643025875767,
      0.017725762139910103,
      0.018699226936559805,
      0.019676838354281707,
      0.020658610174568926,
      0.02164455625542313,
      0.022634690531950653,
      0.02362902701696471,
      0.024627579801592907,
      0.025630363055891142,
      0.026637391029464736,
      0.027648678052094748,
      0.028664238534370702,
      0.029684086968329852,
      0.03070823792810384,
      0.031736706070570754,
      0.032769506136014356,
      0.033806652948790025,
      0.03484816141799789,
      0.03589404653816248,
      0.03694432338991906,
      0.03799900714070855,
      0.03905811304547782,
      0.04012165644738831,
      0.041189652778531996,
      0.04226211756065493,
      0.04333906640588725,
      0.044420515017482974,
      0.04550647919056528,
      0.04659697481288128,
      0.047692017865564054,
      0.04879162442390295,
      0.049895810658122264,
      0.05100459283416768,
      0.05211798731450146,
      0.05323601055890683,
      0.05435867912529879,
      0.055486009670547023,
      0.05661801895130431,
      0.05775472382484602,
      0.058896141249918474,
      0.06004228828759486,
      0.061193182102143126,
      0.06234883996190108,
      0.06350927924016249,
      0.06467451741607169,
      0.06584457207552938,
      0.06701946091210682,
      0.06819920172797216,
      0.06938381243482482,
      0.07057331105484194,
      0.07176771572163444,
      0.07296704468121411,
      0.07417131629297155,
      0.07538054903066452,
      0.07659476148341834,
      0.07781397235673732,
      0.07903820047352592,
      0.08026746477512492,
      0.08150178432235597,
      0.08274117829657943,
      0.08398566600076536,
      0.08523526686057453,
      0.08649000042545305,
      0.08774988636974054,
      0.08901494449378868,
      0.09028519472509533,
      0.09156065711944934,
      0.09284135186209054,
      0.0941272992688825,
      0.09541851978749878,
      0.0967150339986233,
      0.09801686261716508,
      0.09932402649348704,
      0.10063654661464846,
      0.1019544441056642,
      0.10327774023077678,
      0.10460645639474446,
      0.10594061414414517,
      0.1072802351686947,
      0.10862534130258215,
      0.10997595452582076,
      0.11133209696561452,
      0.11269379089774234,
      0.11406105874795835,
      0.11543392309340908,
      0.11681240666406853,
      0.11819653234419013,
      0.11958632317377718,
      0.12098180235007056,
      0.12238299322905499,
      0.12378991932698455,
      0.12520260432192637,
      0.12662107205532375,
      0.12804534653357857,
      0.12947545192965393,
      0.13091141258469616,
      0.13235325300967765,
      0.13380099788706076,
      0.13525467207248174,
      0.13671430059645678,
      0.13817990866610927,
      0.13965152166691983,
      0.14112916516449692,
      0.142612864906373,
      0.1441026468238203,
      0.14559853703369324,
      0.14710056184029247,
      0.1486087477372541,
      0.15012312140946224,
      0.15164370973498892,
      0.1531705397870562,
      0.15470363883602736,
      0.1562430343514209,
      0.15778875400395312,
      0.15934082566760843,
      0.16089927742173427,
      0.16246413755316702,
      0.1640354345583839,
      0.16561319714568534,
      0.1671974542374053,
      0.16878823497215256,
      0.170385568707081,
      0.17198948502019212,
      0.17360001371266714,
      0.1752171848112326,
      0.17684102857055642,
      0.1784715754756787,
      0.18010885624447465,
      0.18175290183015175,
      0.18340374342378185,
      0.18506141245686786,
      0.18672594060394693,
      0.18839735978522873,
      0.19007570216927205,
      0.19176100017569808,
      0.19345328647794205,
      0.19515259400604426,
      0.19685895594948055,
      0.19857240576003232,
      0.2002929771546984,
      0.20202070411864798,
      0.20375562090821642,
      0.2054977620539442,
      0.207247162363659,
      0.20900385692560397,
      0.21076788111160988,
      0.21253927058031452,
      0.21431806128042954,
      0.21610428945405374,
      0.21789799164003762,
      0.2196992046773949,
      0.22150796570876696,
      0.22332431218393745,
      0.2251482818634004,
      0.2269799128219811,
      0.2288192434525108,
      0.23066631246955893,
      0.23252115891321917,
      0.2343838221529555,
      0.23625434189150507,
      0.2381327581688416,
      0.24001911136619913,
      0.24191344221015815,
      0.24381579177679458,
      0.24572620149589305,
      0.24764471315522574,
      0.24957136890489864,
      0.251506211261764,
      0.2534492831139046,
      0.25540062772518735,
      0.25736028873988803,
      0.259328310187393,
      0.2613047364869704,
      0.2632896124526232,
      0.26528298329801714,
      0.26728489464148747,
      0.2692953925111289,
      0.27131452334996703,
      0.27334233402121316,
      0.27537887181360676,
      0.2774241844468443,
      0.2794783200770974,
      0.2815413273026229,
      0.2836132551694659,
      0.2856941531772571,
      0.28778407128510697,
      0.289883059917601,
      0.2919911699708916,
      0.29410845281889686,
      0.29623496031960245,
      0.29837074482147197,
      0.30051585916996554,
      0.302670356714171,
      0.3048342913135491,
      0.30700771734479626,
      0.30919068970882424,
      0.31138326383786313,
      0.3135854957026884,
      0.3157974418199748,
      0.3180191592597784,
      0.32025070565315356,
      0.32249213919990277,
      0.3247435186764671,
      0.3270049034439553,
      0.3292763534563188,
      0.3315579292686755,
      0.3338496920457802,
      0.3361517035706551,
      0.3384640262533722,
      0.34078672314000025,
      0.34311985792171595,
      0.3454634949440827,
      0.3478176992165025,
      0.3501825364218439,
      0.35255807292624974,
      0.35494437578913046,
      0.35734151277334525,
      0.35974955235557515,
      0.3621685637368969,
      0.3645986168535555,
      0.36703978238794593,
      0.3694921317798051,
      0.37195573723762265,
      0.3744306717502705,
      0.37691700909886366,
      0.37941482386885084,
      0.3819241914623433,
      0.3844451881106899,
      0.38697789088730106,
      0.38952237772072695,
      0.392078727408002,
      0.39464701962825455,
      0.39722733495659457,
      0.39981975487828186,
      0.40242436180318475,
      0.4050412390805357,
      0.40767047101398934,
      0.4103121428769946,
      0.4129663409284855,
      0.415633152428899,
      0.41831266565653036,
      0.421004969924234,
      0.4237101555964762,
      0.4264283141067532,
      0.4291595379753805,
      0.43190392082766554,
      0.43466155741247176,
      0.4374325436211878,
      0.44021697650710634,
      0.4430149543052337,
      0.44582657645252927,
      0.44865194360859756,
      0.4514911576768382,
      0.45434432182607015,
      0.45721154051263957,
      0.46009291950302955,
      0.4629885658969797,
      0.4658985881511366,
      0.4688230961032426,
      0.47176220099688565,
      0.47471601550681797,
      0.4776846537648694,
      0.4806682313864612,
      0.48366686549774884,
