{
  "name": "CRV_20260111_225331",
  "description": "StartViolaCres",
  "startSeconds": 0,
  "endSeconds": 4,
  "y1": 0,
  "y2": 10,
  "gTrack": "3",
  "color": "limeGreen",
  "fillMode": "bottom",
  "tension": 0,
  "slope": 0.5825807984790874,
  "curveData": {
    "startTime": 0,
    "endTime": 4,
    "sampleInterval": 0.01,
    "samples": [
      0,
      0.000686553278083342,
      0.0013770263333334025,
      0.002071432501234403,
      0.00276978519305746,
      0.0034720978964642266,
      0.004178384176117463,
      0.0048886576742985235,
      0.005602932111530034,
      0.006321221287205666,
      0.007043539080226144,
      0.007769899449642606,
      0.008500316435305745,
      0.009234804158522,
      0.009973376822716842,
      0.010716048714105171,
      0.011462834202367841,
      0.012213747741336645,
      0.012968803869685564,
      0.01372801721162929,
      0.014491402477630196,
      0.015258974465111652,
      0.016030748059179464,
      0.016806738233351166,
      0.017586960050292814,
      0.018371428662563874,
      0.01916015931337014,
      0.0199531673373246,
      0.020750468161217072,
      0.021552077304790973,
      0.022358010381530225,
      0.02316828309945341,
      0.023982911261916907,
      0.02480191076842725,
      0.025625297615462214,
      0.026453087897300276,
      0.027285297806860474,
      0.02812194363655052,
      0.02896304177912451,
      0.029808608728550644,
      0.03065866108088831,
      0.0315132155351744,
      0.03237228889432088,
      0.03323589806602106,
      0.03410406006366699,
      0.034976792007276554,
      0.03585411112443166,
      0.036736034751226616,
      0.03762258033322756,
      0.03851376542644243,
      0.03940960769830261,
      0.04031012492865547,
      0.04121533501076793,
      0.04212525595234253,
      0.04303990587654397,
      0.043959303023039374,
      0.04488346574904818,
      0.04581241253040633,
      0.04674616196264193,
      0.04768473276206337,
      0.04862814376686109,
      0.049576413938220695,
      0.05052956236145119,
      0.051487608247124915,
      0.05245057093223149,
      0.05341846988134599,
      0.05439132468781041,
      0.05536915507492922,
      0.05635198089717963,
      0.057339822141436333,
      0.058332698928210414,
      0.05933063151290402,
      0.06033364028707984,
      0.061341745779745466,
      0.062354968658654655,
      0.06337332973162296,
      0.06439684994786074,
      0.06542555039932155,
      0.06645945232206794,
      0.06749857709765361,
      0.06854294625452204,
      0.06959258146942415,
      0.07064750456885238,
      0.07170773753049228,
      0.07277330248469319,
      0.07384422171595743,
      0.07492051766444696,
      0.07600221292751091,
      0.07708933026122998,
      0.0781818925819834,
      0.07927992296803289,
      0.08038344466112923,
      0.08149248106813745,
      0.08260705576268415,
      0.08372719248682581,
      0.08485291515273793,
      0.08598424784442649,
      0.08712121481946204,
      0.0882638405107354,
      0.08941214952823714,
      0.09056616666085979,
      0.09172591687822375,
      0.09289142533252809,
      0.0940627173604237,
      0.09523981848491395,
      0.09642275441727866,
      0.09761155105902436,
      0.0988062345038601,
      0.10000683103970084,
      0.10121336715069665,
      0.10242586951928953,
      0.1036443650282986,
      0.10486888076303298,
      0.10609944401343294,
      0.1073360822762419,
      0.10857882325720658,
      0.10982769487330762,
      0.1110827252550215,
      0.11234394274861378,
      0.11361137591846238,
      0.11488505354941601,
      0.11616500464918283,
      0.11745125845075391,
      0.11874384441486015,
      0.12004279223246447,
      0.12134813182728797,
      0.12265989335837271,
      0.12397810722268114,
      0.1253028040577316,
      0.12663401474427208,
      0.12797177040899224,
      0.12931610242727476,
      0.1306670424259852,
      0.13202462228630407,
      0.13338887414659856,
      0.13475983040533607,
      0.13613752372404195,
      0.1375219870302986,
      0.13891325352078998,
      0.14031135666439004,
      0.14171633020529878,
      0.14312820816622207,
      0.14454702485160148,
      0.14597281485089103,
      0.14740561304188293,
      0.148845454594085,
      0.15029237497214648,
      0.15174640993933908,
      0.1532075955610872,
      0.1546759682085555,
      0.15615156456228896,
      0.1576344216159105,
      0.1591245766798742,
      0.1606220673852778,
      0.1621269316877333,
      0.16363920787129882,
      0.16515893455247138,
      0.16668615068424258,
      0.1682208955602172,
      0.16976320881879856,
      0.17131313044743904,
      0.17287070078695752,
      0.17443596053592803,
      0.1760089507551365,
      0.17758971287210976,
      0.17917828868571856,
      0.18077472037085435,
      0.18237905048318093,
      0.1839913219639665,
      0.18561157814499202,
      0.18723986275354165,
      0.18887621991747483,
      0.19052069417038253,
      0.19217333045683047,
      0.19383417413768628,
      0.19550327099553985,
      0.19718066724021244,
      0.19886640951435844,
      0.20056054489916367,
      0.20226312092013904,
      0.20397418555301255,
      0.2056937872297245,
      0.20742197484452352,
      0.20915879776016782,
      0.21090430581423503,
      0.2126585493255416,
      0.21442157910067267,
      0.2161934464406279,
      0.21797420314758376,
      0.2197639015317745,
      0.2215625944184963,
      0.2233703351552352,
      0.2251871776189217,
      0.2270131762233183,
      0.22884838592653553,
      0.23069286223868873,
      0.23254666122969012,
      0.2344098395371846,
      0.23628245437463108,
      0.23816456353953025,
      0.24005622542180755,
      0.24195749901234764,
      0.24386844391169032,
      0.24578912033888878,
      0.24771958914053133,
      0.2496599117999367,
      0.251610150446521,
      0.25357036786534337,
      0.2555406275068329,
      0.25752099349670293,
      0.2595115306460565,
      0.2615123044616848,
      0.2635233811565676,
      0.26554482766057735,
      0.26757671163139435,
      0.26961910146563284,
      0.27167206631019114,
      0.2737356760738241,
      0.27581000143894746,
      0.27789511387367605,
      0.27999108564410846,
      0.28209798982685486,
      0.28421590032182165,
      0.2863448918652557,
      0.2884850400430566,
      0.2906364213043598,
      0.2927991129754042,
      0.2949731932736841,
      0.29715874132239756,
      0.29935583716519754,
      0.3015645617812529,
      0.3037849971006271,
      0.3060172260199856,
      0.30826133241863557,
      0.3105174011749112,
      0.31278551818291306,
      0.3150657703696064,
      0.31735824571229476,
      0.31966303325647294,
      0.32198022313407465,
      0.32430990658211956,
      0.3266521759617772,
      0.32900712477785365,
      0.3313748476987152,
      0.333755440576661,
      0.3361490004687565,
      0.33855562565813957,
      0.3409754156758152,
      0.3434084713229492,
      0.34585489469367914,
      0.3483147891984507,
      0.3507882595879027,
      0.3532754119773086,
      0.35577635387159734,
      0.3582911941909642,
      0.3608200432970941,
      0.36336301302001106,
      0.3659202166855755,
      0.368491769143647,
      0.3710777867969304,
      0.37367838763053196,
      0.3762936912422379,
      0.3789238188735454,
      0.38156889344146433,
      0.384229039571114,
      0.3869043836291414,
      0.3895950537579823,
      0.39230117991099656,
      0.3950228938885004,
      0.39776032937472605,
      0.4005136219757388,
      0.4032829092583401,
      0.40606833078998905,
      0.4088700281797747,
      0.4116881451204751,
      0.4145228274317346,
      0.4173742231044014,
      0.42024248234605627,
      0.4231277576277812,
      0.42603020373220035,
      0.42894997780284205,
      0.4318872393948639,
      0.4348421505271873,
      0.4378148757360912,
      0.4408055821303119,
