{
  "name": "CRV_20260111_205109",
  "description": "Segment from CRV_20260111_203217 (22.8s - 24.3s) - twigCpt-Seg06-22.8-24.3",
  "startSeconds": 0,
  "endSeconds": 1.5,
  "y1": 7.536842105263157,
  "y2": 8.247368421052633,
  "gTrack": "1",
  "color": "plum",
  "fillMode": "bottom",
  "tension": 0,
  "slope": 0.023852750439664394,
  "curveData": {
    "startTime": 0,
    "endTime": 1.5,
    "sampleInterval": 0.01,
    "samples": [
      0.7454974921186985,
      0.7459808115474242,
      0.7464641542337972,
      0.7469475201794311,
      0.7474309093859314,
      0.7479143218549045,
      0.7483977575879603,
      0.748881216586704,
      0.7493646988527454,
      0.749848204387694,
      0.7503317331931579,
      0.7508152852707446,
      0.7512988606220644,
      0.7517824592487251,
      0.7522660811523373,
      0.7527497263345113,
      0.7532333947968555,
      0.7537170865409805,
      0.7542008015684946,
      0.7546845398810113,
      0.7551683014801411,
      0.7556520863674887,
      0.7561358945446717,
      0.7566197260132993,
      0.7571035807749829,
      0.7575874588313313,
      0.7580713601839587,
      0.7585552848344765,
      0.7590392327844969,
      0.7595232040356313,
      0.7600071985894916,
      0.7604912164476925,
      0.7609752576118438,
      0.7614593220835597,
      0.7619434098644553,
      0.7624275209561402,
      0.7629116553602296,
      0.7633958130783409,
      0.763879994112082,
      0.7643641984630678,
      0.764848426132914,
      0.765332677123238,
      0.7658169514356507,
      0.7663012490717653,
      0.7667855700331998,
      0.7672699143215698,
      0.7677542819384887,
      0.7682386728855705,
      0.7687230871644356,
      0.769207524776698,
      0.7696919857239715,
      0.7701764700078746,
      0.7706609776300241,
      0.7711455085920361,
      0.7716300628955252,
      0.7721146405421103,
      0.7725992415334084,
      0.7730838658710384,
      0.7735685135566176,
      0.7740531845917584,
      0.7745378789780875,
      0.7750225967172171,
      0.7755073378107672,
      0.7759921022603531,
      0.7764768900675991,
      0.776961701234121,
      0.7774465357615384,
      0.7779313936514698,
      0.7784162749055372,
      0.7789011795253569,
      0.7793861075125492,
      0.779871058868737,
      0.7803560335955364,
      0.7808410316945731,
      0.7813260531674606,
      0.7818110980158275,
      0.7822961662412874,
      0.7827812578454663,
      0.7832663728299832,
      0.7837515111964619,
      0.7842366729465217,
      0.7847218580817839,
      0.7852070666038751,
      0.7856922985144124,
      0.78617755381502,
      0.7866628325073222,
      0.7871481345929389,
      0.7876334600734944,
      0.7881188089506136,
      0.7886041812259164,
      0.7890895769010323,
      0.7895749959775769,
      0.7900604384571799,
      0.7905459043414664,
      0.7910313936320548,
      0.7915169063305727,
      0.7920024424386475,
      0.7924880019579005,
      0.7929735848899568,
      0.7934591912364453,
      0.7939448209989863,
      0.7944304741792108,
      0.7949161507787401,
      0.7954018507992026,
      0.7958875742422221,
      0.7963733211094273,
      0.796859091402447,
      0.797344885122903,
      0.7978307022724243,
      0.7983165428526398,
      0.7988024068651717,
      0.7992882943116538,
      0.7997742051937111,
      0.8002601395129704,
      0.8007460972710613,
      0.801232078469611,
      0.8017180831102494,
      0.8022041111946039,
      0.8026901627243022,
      0.8031762377009766,
      0.8036623361262547,
      0.8041484580017648,
      0.8046346033291368,
      0.8051207721100014,
      0.8056069643459891,
      0.806093180038728,
      0.8065794191898513,
      0.8070656818009851,
      0.8075519678737652,
      0.8080382774098199,
      0.8085246104107806,
      0.8090109668782786,
      0.8094973468139425,
      0.8099837502194108,
      0.8104701770963085,
      0.8109566274462736,
      0.8114431012709334,
      0.8119295985719199,
      0.8124161193508718,
      0.8129026636094163,
      0.8133892313491857,
      0.8138758225718192,
      0.814362437278947,
      0.8148490754722011,
      0.8153357371532165,
      0.8158224223236236,
      0.8163091309850641,
      0.8167958631391665,
      0.8172826187875684,
      0.8177693979319025,
      0.8182562005738021
    ]
  },
  "duration": 1.5,
  "savedAt": "2026-01-12T01:51:09.633Z"
}